,R2,RMSE,MAE
Neural Network,0.7514335303072786,3.3021567998230497,2.735687606686753
SVR,0.7296278784851051,3.4439542515019426,2.8644420846600034
Linear Regression,0.7016592042390974,3.6177015942519057,3.0926516598973723
Random Forest,0.6331133366154431,4.011828709271544,3.4062927889814953
Gradient Boosting,0.6311765498397892,4.022403949600328,3.3949291537053408
XGBoost,0.6289284218164802,4.034644414344974,3.4013226113156847
